Site Number,Region,Owner,"Ownership, Full Name",Site Name,Property Manager,DEC Brochure Site Number,Longitude,Latitude,Location
1,One:Catskills,DEC,NYS DEC,North-South Lake State Campground,same,NE-18,-74.056191209,42.201922909,"(42.201922909, -74.056191209)"
2,One:Catskills,DEC,NYS Parks,Minnewaska State Park Preserve,Palisades Interstate Park Commission,SE-03,-74.204341458,41.735836691,"(41.735836691, -74.204341458)"
3,One:Catskills,DEC,NYS DEC,Bashakill WMA,same,SE-02,-74.510764916,41.54541304,"(41.54541304, -74.510764916)"
4,One:Catskills,DEC,NYS DEC,Mongaup Valley WMA - Eagle Observation Area,NTS DEC & Eldred Preserve,SE-01,-74.785694528,41.554608396,"(41.554608396, -74.785694528)"
5,Two: applachian Plateau,DEC,NYS DEC,Rogers Environmental Education Center,same,NE-12,-75.529140225,42.695155934,"(42.695155934, -75.529140225)"
6,Two: applachian Plateau,DEC,NYS DEC,Chenango Valley State Park,same,W-21,-75.819293131,42.216497293,"(42.216497293, -75.819293131)"
7,Two: applachian Plateau,DEC,Waterman Conservation Education Center - Inc.,Fred L. Waterman Conservation Education Center,same,W-20,-76.17032086,42.081758951,"(42.081758951, -76.17032086)"
8,Two: applachian Plateau,DEC,NYS Parks,Buttermilk Falls State Park,same,W-19,-76.523816914,42.417169865,"(42.417169865, -76.523816914)"
9,Two: applachian Plateau,DEC,Spencer Crest Nature Center - Inc.,Spencer Crest Nature Center,same,W-14,-77.081722635,42.120999929,"(42.120999929, -77.081722635)"
10,Two: applachian Plateau,DEC,The Nature Conservency,Moss Lake Preserve,same,W-09,-78.186745162,42.40062915,"(42.40062915, -78.186745162)"
11,Two: applachian Plateau,DEC,Buffalo Audobon Society - Inc.,Beaver Meadow Nature Center,same,W-08,-78.382940959,42.672658433,"(42.672658433, -78.382940959)"
12,Two: applachian Plateau,DEC,Jamestown Audobon Nature Center,North-South Jamestown Audobon Nature Center,same,W-12,-79.170715448,42.018436475,"(42.018436475, -79.170715448)"
13,Two: applachian Plateau,DEC,Roger Tory Peterson Institute of Natural History,Roger Tory Peterson Institute of Natural History,same,W-02,-79.221571345,42.110850943,"(42.110850943, -79.221571345)"
14,Three: Great Lakes Plain,DEC,The City of Dunkirk&Niagara Mohawk Corp.,Dunkirk Harbor,The City of Dunkirk,W-01,-79.339753585,42.486927993,"(42.486927993, -79.339753585)"
15,Three: Great Lakes Plain,DEC,City of Buffalo,Tifft Nature Preserve,Buffalo Museum of Science,W-04,-78.856838103,42.84448464,"(42.84448464, -78.856838103)"
16,Three: Great Lakes Plain,DEC,NYS Parks,Niagara River Corridor,same,W-05,-79.075993057,43.079624654,"(43.079624654, -79.075993057)"
17,Three: Great Lakes Plain,DEC,NYS DEC,Tillman Road Wildlife Management Area,same,W-06,-78.605402317,42.960723131,"(42.960723131, -78.605402317)"
18,Three: Great Lakes Plain,DEC,NYS DEC & The Town of Greece,Braddock Bay Fish & Wildlife Management Area,same,W-13,-77.678938558,43.294400308,"(43.294400308, -77.678938558)"
19,Three: Great Lakes Plain,DEC,US F&W Service & NYS DEC,Iroquois NWR & Tonawanda & Oak Orchard WMA's,same,W-07,-78.419847549,43.107983907,"(43.107983907, -78.419847549)"
20,Three: Great Lakes Plain,DEC,Monroe County Parks Dept. & Mendon Ponds Nature Ce,Mendon Ponds Park,Mendon Ponds Nature Center,W-12,-77.577341838,43.035113755,"(43.035113755, -77.577341838)"
21,Three: Great Lakes Plain,DEC,NYS Parks,Letchworth State Park,same,W-10,-77.883062439,42.740520322,"(42.740520322, -77.883062439)"
22,Three: Great Lakes Plain,DEC,NYS DEC,Conesus Inlet Fish & Wildlife Management Area,same,W-11,-77.71233377,42.713452264,"(42.713452264, -77.71233377)"
23,Three: Great Lakes Plain,DEC,US Dept of Agriculture Forest Service,Finger Lakes National Forest,same,W-15,-76.871954466,42.501238785,"(42.501238785, -76.871954466)"
24,Three: Great Lakes Plain,DEC,US Fish & Wildlife Service,Montezuma National Wildlife Refuge,same,W-16,-76.749835098,42.958983975,"(42.958983975, -76.749835098)"
25,Three: Great Lakes Plain,DEC,Cornell Labratory of Ornithology,Sapsucker Woods Sanctuary,same,W-18,-76.451796835,42.47766397,"(42.47766397, -76.451796835)"
26,Three: Great Lakes Plain,DEC,Lime Hollow Nature Center & US F&W Service,Lime Hollow Nature Center,same,W-22,-76.244260259,42.552420807,"(42.552420807, -76.244260259)"
27,Three: Great Lakes Plain,DEC,Onondaga County,Beaver Lake Nature Center,same,W-24,-76.402172733,43.180859276,"(43.180859276, -76.402172733)"
28,Three: Great Lakes Plain,DEC,NYS Parks,Fair Haven Beach State Park,same,W-17,-76.699818108,43.33746253,"(43.33746253, -76.699818108)"
29,Three: Great Lakes Plain,DEC,NYS Parks,Green Lakes State Park,same,W-23,-75.972227211,43.059271932,"(43.059271932, -75.972227211)"
30,Three: Great Lakes Plain,DEC,Onondaga Audobon Society,Derby Hill Bird Observatory,same,W-25,-76.237576675,43.523291631,"(43.523291631, -76.237576675)"
31,Three: Great Lakes Plain,DEC,NYS Parks,Selkirk Shores State Park,same,W-26,-76.197895963,43.555084712,"(43.555084712, -76.197895963)"
32,Three: Great Lakes Plain,DEC,NYS DEC,Lakeview WMA,same,W-28,-76.201076092,43.719837784,"(43.719837784, -76.201076092)"
33,Three: Great Lakes Plain,DEC,NYS Parks,Wellesley Island State Park,same,W-30,-76.020592639,44.327297084,"(44.327297084, -76.020592639)"
34,Three: Great Lakes Plain,DEC,NYS DEC,Perch River WMA,same,W-29,-75.924460488,44.105855279,"(44.105855279, -75.924460488)"
35,Three: Great Lakes Plain,DEC,NYS DEC,Upper & Lower Lakes WMA,North Country Conservation Education Association,NE-03,-75.247299407,44.580281905,"(44.580281905, -75.247299407)"
36,Three: Great Lakes Plain,DEC,NYS DEC,Wilson Hill WMA,same,NE-02,-75.01158925,44.927412803,"(44.927412803, -75.01158925)"
37,Three: Great Lakes Plain,DEC,NYS Parks,Robert Moses State Park,same,NE-01,-74.847515559,44.984811848,"(44.984811848, -74.847515559)"
38,Four: Adirondacks,DEC,The Adirondack Nature Conservancy,Silver Lake Bog Preserve,same,NE-07,-73.868710557,44.517568371,"(44.517568371, -73.868710557)"
39,Four: Adirondacks,DEC,NYS APA,Paul Smiths Adirondack Visitor Interpretive Center (VIC),same,NE-08,-74.268308164,44.45473409,"(44.45473409, -74.268308164)"
40,Four: Adirondacks,DEC,NYS Parks,Point Au Roche State Park,same,NE-04,-73.410986237,44.778998329,"(44.778998329, -73.410986237)"
41,Four: Adirondacks,DEC,NYS DEC,Ausable Marsh WMA,same,NE-05,-73.438368906,44.578865838,"(44.578865838, -73.438368906)"
42,Four: Adirondacks,DEC,NYS DEC,Poke-O-Moonshine Campground,same,NE-06,-73.502941639,44.40329631,"(44.40329631, -73.502941639)"
43,Four: Adirondacks,DEC,NYS APA,Newcomb Adirondack Visitor Interpretive Center (VIC),same,NE-09,-74.181924968,43.972893906,"(43.972893906, -74.181924968)"
44,Four: Adirondacks,DEC,NYS DEC,Salmon River Fish Hatchery,same,W-27,-75.99818602,43.509190773,"(43.509190773, -75.99818602)"
45,Five: Hudson Valley,DEC,NYS DEC,Utica Marsh Wildlife Interpretive Area,same,NE-11,-75.233989318,43.115841539,"(43.115841539, -75.233989318)"
46,Five: Hudson Valley,DEC,NYS Parks,Schoharie Crossing State Historic Park,same,NE-13,-74.278648662,42.939947557,"(42.939947557, -74.278648662)"
47,Five: Hudson Valley,DEC,NYS DEC,Featherstonhaugh State Forest,same,none,-74.116613701,42.811811337,"(42.811811337, -74.116613701)"
48,Five: Hudson Valley,DEC,National Park Service,Saratoga National Historical Park,same,NE-14,-73.609414113,43.000936922,"(43.000936922, -73.609414113)"
49,Five: Hudson Valley,DEC,Pember Library and Museum of Natural History,Pember Museum & Hebron Nature Preserve,same,NE-10,-73.263844115,43.411872507,"(43.411872507, -73.263844115)"
50,Five: Hudson Valley,DEC,Albany Pine Bush Commission,Albany Pine Bush Preserve,same,NE-15,-73.866592708,42.716872577,"(42.716872577, -73.866592708)"
51,Five: Hudson Valley,DEC,NYS DEC,Five Rivers Environmental Education Center,same,NE-16,-73.892852819,42.610076796,"(42.610076796, -73.892852819)"
52,Five: Hudson Valley,DEC,Audobon Society of New York State,Hollyhock Hollow Sanctuary,same,NE-17,-73.869764105,42.540877359,"(42.540877359, -73.869764105)"
53,Five: Hudson Valley,DEC,NYS DEC,Stony Kill Farm Environmental Education Center,same,SE-04,-73.944234706,41.546191728,"(41.546191728, -73.944234706)"
54,Five: Hudson Valley,DEC,Palisades Interstate Park Commission,Iona Island National Estuarine Sanctuary and Research Reserv,same,SE-05,-73.97961988,41.306437239,"(41.306437239, -73.97961988)"
55,Five: Hudson Valley,DEC,Westchester County,Ward Pound Ridge Reservation,same,SE-06,-73.597715236,41.270427974,"(41.270427974, -73.597715236)"
56,Five: Hudson Valley,DEC,Westchester County,Rye Marshlands Conservancy,same,SE-07,-73.704226243,40.958436488,"(40.958436488, -73.704226243)"
57,Six: New York City,DEC,City of New York Dept. of Parks and Recreation,Pelham Bay Park - Bronx,Urban Park Rangers,SE-08,-73.78585585,40.869870375,"(40.869870375, -73.78585585)"
58,Six: New York City,DEC,City of New York Dept. of Parks and Recreation,Central Park - Manhattan,Urban Park Rangers,SE-09,-73.970187486,40.776810688,"(40.776810688, -73.970187486)"
59,Six: New York City,DEC,City of New York Dept. of Parks and Recreation,Alley Pond Park - Queens,Urban Park Rangers,SE-11,-73.749877647,40.767323925,"(40.767323925, -73.749877647)"
60,Six: New York City,DEC,City of New York Dept. of Parks and Recreation,Forest Park - Queens,Urban Park Rangers,SE-10,-73.835729426,40.710933383,"(40.710933383, -73.835729426)"
61,Six: New York City,DEC,City of New York Dept. of Parks and Recreation,Prospect Park - Brooklyn,Urban Park Rangers,SE-14,-73.96218651,40.655350003,"(40.655350003, -73.96218651)"
62,Six: New York City,DEC,City of New York Dept. of Parks and Recreation,High Rock Park - Staten Island,Urban Park Rangers,SE-13,-74.124758605,40.584969756,"(40.584969756, -74.124758605)"
63,Six: New York City,DEC,NYS Parks,Clay Pit Ponds State Park Preserve,same,SE-12,-74.231308915,40.539305645,"(40.539305645, -74.231308915)"
64,Six: New York City,DEC,National Park Service,Jamaica Bay National Wildlife Refuge,same,SE-15,-73.831603792,40.63816186,"(40.63816186, -73.831603792)"
65,Seven: Coastal Lowlands,DEC,Nassau County Dept. of Recreation and Parks,Tackapausha Museum & Preserve,same,SE-16,-73.483287567,40.667690277,"(40.667690277, -73.483287567)"
66,Seven: Coastal Lowlands,DEC,NYS Parks,Jones Beach State Park,same,SE-17,-73.512784091,40.597624272,"(40.597624272, -73.512784091)"
67,Seven: Coastal Lowlands,DEC,NYS Parks,Robert Moses State Park,same,SE-18,-73.278380665,40.624378477,"(40.624378477, -73.278380665)"
68,Seven: Coastal Lowlands,DEC,National Park Service - US Dept. of the Interior,Fire Island National Seashore,same,SE-20,-72.867311379,40.733523639,"(40.733523639, -72.867311379)"
69,Seven: Coastal Lowlands,DEC,NYS Parks,Caleb Smith State Park Preserve,same,SE-19,-73.224866805,40.852218185,"(40.852218185, -73.224866805)"
70,Seven: Coastal Lowlands,DEC,NYS DEC,Ridge Environmental Conservation Area/Randall Pond Nature Tr,same,SE-21,-72.891876273,40.896887093,"(40.896887093, -72.891876273)"
71,Seven: Coastal Lowlands,DEC,NYS DEC,Quogue Wildlife Refuge and Study Center,same,SE-22,-72.614998966,40.83459187,"(40.83459187, -72.614998966)"
72,Seven: Coastal Lowlands,DEC,Dept. of the Interior - US Fish & Wildlife Service,Morton National Wildlife Refuge,same,SE-23,-72.369829239,40.987251696,"(40.987251696, -72.369829239)"
73,Seven: Coastal Lowlands,DEC,The Nature Conservancy,Mashomack Preserve,same,SE-24,-72.324378619,41.062227144,"(41.062227144, -72.324378619)"
74,Seven: Coastal Lowlands,DEC,various,Seal Haul-Out Sites,same,SE-26,-72.106387461,41.039253209,"(41.039253209, -72.106387461)"
75,Seven: Coastal Lowlands,DEC,NYS Parks,Montauk Point State Park,same,SE-27,-71.859927475,41.071635612,"(41.071635612, -71.859927475)"
76,Seven: Coastal Lowlands,DEC,Coastal Researdh & Education Society of Long Islan,Montauk Point Whale Watch,Riverhead Foundation for Marine Research & Preservation,SE-25,-71.956379985,41.047954416,"(41.047954416, -71.956379985)"
